<?xml version="1.0" encoding="UTF-8"?>
<!-- Generated by eXe - http://exelearning.net -->
<manifest identifier="eXes_de_Calor65f96cbc28847093371" xmlns="http://www.imsproject.org/xsd/imscp_rootv1p1p2" xmlns:adlcp="http://www.adlnet.org/xsd/adlcp_rootv1p2" xmlns:imsmd="http://www.imsglobal.org/xsd/imsmd_v1p2" xmlns:xsi="http://www.w3.org/2001/XMLSchema-instance" xsi:schemaLocation="http://www.imsproject.org/xsd/imscp_rootv1p1p2 imscp_rootv1p1p2.xsd http://www.imsglobal.org/xsd/imsmd_rootv1p2p1 imsmd_rootv1p2p1.xsd http://www.adlnet.org/xsd/adlcp_rootv1p2 adlcp_rootv1p2.xsd" > 
<metadata> 
 <schema>ADL SCORM</schema> 
 <schemaversion>1.2</schemaversion> 
 <adlcp:location>imslrm.xml</adlcp:location> 
</metadata> 
<organizations default="eXes_de_Calor65f96cbc28847093372">  
    <organization identifier="eXes_de_Calor65f96cbc28847093372" structure="hierarchical">
        <title>TRABAJO EXE LEARNING </title>
<item identifier="ITEM-eXes_de_Calor65f96cbc28847093373" isvisible="true" identifierref="RES-eXes_de_Calor65f96cbc28847093374">
    <title>OLAS DE CALOR EN TRUJILLO Y LOS PROBLEMAS DE SALUD</title>
<item identifier="ITEM-eXes_de_Calor65f96cbc28847093385" isvisible="true" identifierref="RES-eXes_de_Calor65f96cbc28847093386">
    <title>INTRODUCCIÓN</title>
<item identifier="ITEM-eXes_de_Calor65f96cbc28847093397" isvisible="true" identifierref="RES-eXes_de_Calor65f96cbc28847093398">
    <title>Descripción del Tema</title>
</item>
<item identifier="ITEM-eXes_de_Calor65f96cbc288470933a9" isvisible="true" identifierref="RES-eXes_de_Calor65f96cbc288470933aa">
    <title>Objetivos</title>
</item>
<item identifier="ITEM-eXes_de_Calor65f96cbc288470933ab" isvisible="true" identifierref="RES-eXes_de_Calor65f96cbc288470933ac">
    <title>Explicación para Navegar</title>
</item>
</item>
<item identifier="ITEM-eXes_de_Calor65f96cbc288470933bd" isvisible="true" identifierref="RES-eXes_de_Calor65f96cbc288470933be">
    <title>CONTENIDO PRINCIPAL</title>
<item identifier="ITEM-eXes_de_Calor65f96cbc288470933df" isvisible="true" identifierref="RES-eXes_de_Calor65f96cbc288470933d10">
    <title>Modulo 1</title>
</item>
<item identifier="ITEM-eXes_de_Calor65f96cbc288470933e11" isvisible="true" identifierref="RES-eXes_de_Calor65f96cbc288470933e12">
    <title>Modulo 2</title>
</item>
<item identifier="ITEM-eXes_de_Calor65f96cbc288470934013" isvisible="true" identifierref="RES-eXes_de_Calor65f96cbc288470934014">
    <title>Modulo 3</title>
</item>
</item>
<item identifier="ITEM-eXes_de_Calor65f96cbc288470934615" isvisible="true" identifierref="RES-eXes_de_Calor65f96cbc288470934616">
    <title>RECURSOS ADICIONALES</title>
<item identifier="ITEM-eXes_de_Calor65f96cbc288470934717" isvisible="true" identifierref="RES-eXes_de_Calor65f96cbc288470934718">
    <title>Video Interactivo</title>
</item>
</item>
<item identifier="ITEM-eXes_de_Calor65f96cbc288470934819" isvisible="true" identifierref="RES-eXes_de_Calor65f96cbc28847093481a">
    <title>CONLUSIÓN Y CIERRE</title>
</item>
</item>
  </organization>
</organizations>
<resources>
  <resource identifier="RES-eXes_de_Calor65f96cbc28847093374" type="webcontent" adlcp:scormtype="sco" href="index.html"> 
    <file href="index.html"/> 
    <file href="exe_html5.js"/>
    <file href="calor_2.jpeg"/>
    <dependency identifierref="COMMON_FILES"/>
  </resource>
  <resource identifier="RES-eXes_de_Calor65f96cbc28847093386" type="webcontent" adlcp:scormtype="sco" href="introduccin.html"> 
    <file href="introduccin.html"/> 
    <file href="exe_html5.js"/>
    <dependency identifierref="COMMON_FILES"/>
  </resource>
  <resource identifier="RES-eXes_de_Calor65f96cbc28847093398" type="webcontent" adlcp:scormtype="sco" href="descripcin_del_tema.html"> 
    <file href="descripcin_del_tema.html"/> 
    <file href="exe_html5.js"/>
    <dependency identifierref="COMMON_FILES"/>
  </resource>
  <resource identifier="RES-eXes_de_Calor65f96cbc288470933aa" type="webcontent" adlcp:scormtype="sco" href="objetivos.html"> 
    <file href="objetivos.html"/> 
    <file href="exe_html5.js"/>
    <dependency identifierref="COMMON_FILES"/>
  </resource>
  <resource identifier="RES-eXes_de_Calor65f96cbc288470933ac" type="webcontent" adlcp:scormtype="sco" href="explicacin_para_navegar.html"> 
    <file href="explicacin_para_navegar.html"/> 
    <file href="exe_html5.js"/>
    <file href="calor.jpg"/>
    <file href="huaycos.jpg"/>
    <file href="enfermedad_2.jpg"/>
    <dependency identifierref="COMMON_FILES"/>
  </resource>
  <resource identifier="RES-eXes_de_Calor65f96cbc288470933be" type="webcontent" adlcp:scormtype="sco" href="contenido_principal.html"> 
    <file href="contenido_principal.html"/> 
    <file href="exe_html5.js"/>
    <dependency identifierref="COMMON_FILES"/>
  </resource>
  <resource identifier="RES-eXes_de_Calor65f96cbc288470933d10" type="webcontent" adlcp:scormtype="sco" href="modulo_1.html"> 
    <file href="modulo_1.html"/> 
    <file href="exe_html5.js"/>
    <file href="img1.1.png"/>
    <file href="img0.1.png"/>
    <file href="img0.2.png"/>
    <file href="img0.png"/>
    <file href="img1.png"/>
    <file href="img2.png"/>
    <file href="img2.1.png"/>
    <dependency identifierref="COMMON_FILES"/>
  </resource>
  <resource identifier="RES-eXes_de_Calor65f96cbc288470933e12" type="webcontent" adlcp:scormtype="sco" href="modulo_2.html"> 
    <file href="modulo_2.html"/> 
    <file href="exe_html5.js"/>
    <file href="map_1740196234316.png"/>
    <file href="exe_lightbox.css"/>
    <file href="exe_lightbox.js"/>
    <file href="exe_lightbox_default_thumb.png"/>
    <file href="exe_lightbox_loader.gif"/>
    <file href="exe_lightbox_sprite.png"/>
    <file href="exe_lightbox_sprite_next.png"/>
    <file href="exe_lightbox_sprite_prev.png"/>
    <file href="exe_lightbox_sprite_x.png"/>
    <file href="exe_lightbox_sprite_y.png"/>
    <dependency identifierref="COMMON_FILES"/>
  </resource>
  <resource identifier="RES-eXes_de_Calor65f96cbc288470934014" type="webcontent" adlcp:scormtype="sco" href="modulo_3.html"> 
    <file href="modulo_3.html"/> 
    <file href="exe_html5.js"/>
    <file href="stock-stop.png"/>
    <file href="panel-amusements.png"/>
    <file href="common.js"/>
    <dependency identifierref="COMMON_FILES"/>
  </resource>
  <resource identifier="RES-eXes_de_Calor65f96cbc288470934616" type="webcontent" adlcp:scormtype="sco" href="recursos_adicionales.html"> 
    <file href="recursos_adicionales.html"/> 
    <file href="exe_html5.js"/>
    <file href="img1.2.png"/>
    <file href="img0.3.png"/>
    <dependency identifierref="COMMON_FILES"/>
  </resource>
  <resource identifier="RES-eXes_de_Calor65f96cbc288470934718" type="webcontent" adlcp:scormtype="sco" href="video_interactivo.html"> 
    <file href="video_interactivo.html"/> 
    <file href="exe_html5.js"/>
    <file href="exequexthits.png"/>
    <file href="exequextrerrors.png"/>
    <file href="exequextsq.png"/>
    <file href="interactive-video-bg.gif"/>
    <file href="interactive-video-less.gif"/>
    <file href="interactive-video-loading.gif"/>
    <file href="interactive-video-more.gif"/>
    <file href="interactive-video-sorter.png"/>
    <file href="interactive-video.css"/>
    <file href="interactive-video.js"/>
    <dependency identifierref="COMMON_FILES"/>
  </resource>
  <resource identifier="RES-eXes_de_Calor65f96cbc28847093481a" type="webcontent" adlcp:scormtype="sco" href="conlusin_y_cierre.html"> 
    <file href="conlusin_y_cierre.html"/> 
    <file href="exe_html5.js"/>
    <dependency identifierref="COMMON_FILES"/>
  </resource>
  <resource identifier="COMMON_FILES" type="webcontent" adlcp:scormtype="asset">
    <file href="Atkinson-Hyperlegible-Regular-102a.woff2"/>
    <file href="config.xml"/>
    <file href="content.css"/>
    <file href="icon_emociones.svg"/>
    <file href="icon_udl_eng_aprenderaprender.svg"/>
    <file href="icon_udl_eng_culturales.svg"/>
    <file href="icon_udl_eng_curiosidad.svg"/>
    <file href="icon_udl_eng_descarga.svg"/>
    <file href="icon_udl_eng_objetivos.svg"/>
    <file href="icon_udl_eng_orientaciones.svg"/>
    <file href="icon_udl_eng_reto.svg"/>
    <file href="icon_udl_eng_rss.svg"/>
    <file href="icon_udl_eng_rubrica.svg"/>
    <file href="icon_udl_eng_saber.svg"/>
    <file href="icon_udl_eng_temporalizacion.svg"/>
    <file href="icon_udl_exp_actividad.svg"/>
    <file href="icon_udl_exp_canto.svg"/>
    <file href="icon_udl_exp_competenciadigital.svg"/>
    <file href="icon_udl_exp_coproduccionoral.svg"/>
    <file href="icon_udl_exp_coproducciontxt.svg"/>
    <file href="icon_udl_exp_cuestionario.svg"/>
    <file href="icon_udl_exp_debate.svg"/>
    <file href="icon_udl_exp_ejercicio.svg"/>
    <file href="icon_udl_exp_escribe.svg"/>
    <file href="icon_udl_exp_escucha.svg"/>
    <file href="icon_udl_exp_graba.svg"/>
    <file href="icon_udl_exp_grupoheterogeneo.svg"/>
    <file href="icon_udl_exp_grupohomogeneo.svg"/>
    <file href="icon_udl_exp_habla.svg"/>
    <file href="icon_udl_exp_interactivo.svg"/>
    <file href="icon_udl_exp_juego.svg"/>
    <file href="icon_udl_exp_lee.svg"/>
    <file href="icon_udl_exp_lenguasignos.svg"/>
    <file href="icon_udl_exp_manipula.svg"/>
    <file href="icon_udl_exp_mediacion.svg"/>
    <file href="icon_udl_exp_musica.svg"/>
    <file href="icon_udl_exp_practicamusical.svg"/>
    <file href="icon_udl_exp_tarea.svg"/>
    <file href="icon_udl_exp_tareagrupal.svg"/>
    <file href="icon_udl_rep_adjunto.svg"/>
    <file href="icon_udl_rep_apoyovisual.svg"/>
    <file href="icon_udl_rep_caso.svg"/>
    <file href="icon_udl_rep_conocer.svg"/>
    <file href="icon_udl_rep_destacado.svg"/>
    <file href="icon_udl_rep_ejemplo.svg"/>
    <file href="icon_udl_rep_escucha.svg"/>
    <file href="icon_udl_rep_fonetica.svg"/>
    <file href="icon_udl_rep_galeria.svg"/>
    <file href="icon_udl_rep_gramatica.svg"/>
    <file href="icon_udl_rep_importante.svg"/>
    <file href="icon_udl_rep_informarse.svg"/>
    <file href="icon_udl_rep_lecturafacil.svg"/>
    <file href="icon_udl_rep_lee.svg"/>
    <file href="icon_udl_rep_lenguasignos.svg"/>
    <file href="icon_udl_rep_mediar.svg"/>
    <file href="icon_udl_rep_nota.svg"/>
    <file href="icon_udl_rep_pasos.svg"/>
    <file href="icon_udl_rep_recomienda.svg"/>
    <file href="icon_udl_rep_redessemanticas.svg"/>
    <file href="icon_udl_rep_reflexion.svg"/>
    <file href="icon_udl_rep_reproduccion.svg"/>
    <file href="icon_udl_rep_vocabulario.svg"/>
    <file href="nav.css"/>
    <file href="_style_bg.png"/>
    <file href="_style_icons.png"/>
    <file href="_style_js.js"/>
    <file href="_style_left_column.gif"/>
    <file href="_style_licenses.gif"/>
    <file href="_style_logo.png"/>
    <file href="_style_menu.gif"/>
    <file href="_style_nav_icons.png"/>
    <file href="base.css"/>
    <file href="popup_bg.gif"/>
    <file href="exe_powered_logo.png"/>
    <file href="SCORM_API_wrapper.js"/>
    <file href="SCOFunctions.js"/>
    <file href="common.js"/>
    <file href="common_i18n.js"/>
    <file href="exe_jquery.js"/>
    <file href="content.xsd"/>
    <file href="content.data"/>
    <file href="contentv3.xml"/>
    <file href="imslrm.xml"/>
  </resource>
</resources>
</manifest>
